<?xml version="1.0" encoding="UTF-8"?>
<!DOCTYPE generatorConfiguration
        PUBLIC "-//mybatis.org//DTD MyBatis Generator Configuration 1.0//EN"
        "http://mybatis.org/dtd/mybatis-generator-config_1_0.dtd">

<generatorConfiguration>

    <context id="DB2Tables" >
        <plugin type="org.mybatis.generator.plugins.SerializablePlugin"></plugin>

        <!-- 通过type指定自定义的注释 -->
        <commentGenerator type="com.mybatis.generator.custom.CustomCommentGenerator">
        </commentGenerator>

        <jdbcConnection driverClass="org.postgresql.Driver"
                        connectionURL="jdbc:postgresql://192.168.19.150:5432/trade_stock"
                        userId="office"
                        password="654321">
        </jdbcConnection>

        <javaTypeResolver >
            <property name="forceBigDecimals" value="false" />
        </javaTypeResolver>


        <javaModelGenerator targetPackage="com.itcast.bulls.stock.entity" targetProject="mybatis-generator/output">
            <property name="enableSubPackages" value="true" />
            <property name="trimStrings" value="true" />
        </javaModelGenerator>

        <sqlMapGenerator targetPackage="com.itcast.bulls.stock.dao"  targetProject="mybatis-generator/output">
            <property name="enableSubPackages" value="true" />
        </sqlMapGenerator>

        <javaClientGenerator type="XMLMAPPER" targetPackage="com.itcast.bulls.stock.dao"  targetProject="mybatis-generator/output">
            <property name="enableSubPackages" value="true" />
        </javaClientGenerator>


        <table schema="office" tableName="t_trade_stock_kline" enableCountByExample="false"
               enableUpdateByExample="false" enableDeleteByExample="false"
               enableSelectByExample="false" selectByExampleQueryId="false"  >
            <property name="useActualColumnNames" value="true" />
            <generatedKey column="ID" sqlStatement="MySql" identity="true" />
            <domainObjectRenamingRule searchString="^T(.*)" replaceString="$1"  />
            <columnOverride column="DATE_FIELD" property="startDate" />
            <ignoreColumn column="FRED" />
            <columnOverride column="LONG_VARCHAR_FIELD" jdbcType="VARCHAR" />
        </table>

        <table schema="office" tableName="t_trade_stock_quote_last" enableCountByExample="false"
               enableUpdateByExample="false" enableDeleteByExample="false"
               enableSelectByExample="false" selectByExampleQueryId="false"  >
            <property name="useActualColumnNames" value="true" />
            <generatedKey column="ID" sqlStatement="MySql" identity="true" />
            <domainObjectRenamingRule searchString="^T(.*)" replaceString="$1"  />
            <columnOverride column="DATE_FIELD" property="startDate" />
            <ignoreColumn column="FRED" />
            <columnOverride column="LONG_VARCHAR_FIELD" jdbcType="VARCHAR" />
        </table>

        <table schema="office" tableName="t_trade_stock_quote_summary" enableCountByExample="false"
               enableUpdateByExample="false" enableDeleteByExample="false"
               enableSelectByExample="false" selectByExampleQueryId="false"  >
            <property name="useActualColumnNames" value="true" />
            <generatedKey column="ID" sqlStatement="MySql" identity="true" />
            <domainObjectRenamingRule searchString="^T(.*)" replaceString="$1"  />
            <columnOverride column="DATE_FIELD" property="startDate" />
            <ignoreColumn column="FRED" />
            <columnOverride column="LONG_VARCHAR_FIELD" jdbcType="VARCHAR" />
        </table>

    </context>
</generatorConfiguration>