<?xml version="1.0" encoding="UTF-8"?>
<!DOCTYPE mapper PUBLIC "-//mybatis.org//DTD Mapper 3.0//EN" "http://mybatis.org/dtd/mybatis-3-mapper.dtd">
<mapper namespace="com.itcast.bulls.stock.common.system.dao.ITradeGlobalConfigDao">
  <resultMap id="BaseResultMap" type="com.itcast.bulls.stock.entity.system.TradeGlobalConfig">
    <result column="id" jdbcType="BIGINT" property="id" />
    <result column="code" jdbcType="VARCHAR" property="code" />
    <result column="category" jdbcType="VARCHAR" property="category" />
    <result column="value" jdbcType="VARCHAR" property="value" />
    <result column="status" jdbcType="TINYINT" property="status" />
  </resultMap>

  <insert id="insert" parameterType="com.itcast.bulls.stock.entity.system.TradeGlobalConfig">
    <selectKey keyProperty="id" order="AFTER" resultType="java.lang.Long">
      SELECT LAST_INSERT_ID()
    </selectKey>
    insert into t_trade_global_config (code, category, value, 
      status)
    values (#{code,jdbcType=VARCHAR}, #{category,jdbcType=VARCHAR}, #{value,jdbcType=VARCHAR}, 
      #{status,jdbcType=TINYINT})
  </insert>
   
    
   <select id="getByCode" resultMap="BaseResultMap">
       select id, code,
           category, value,status
         from t_trade_global_config
        where code = #{code}
   </select>


    <update id="getNextId" keyColumn="nextId" keyProperty="nextId"  parameterType="com.itcast.bulls.stock.entity.system.TradeSeq">
        update t_seq set nextId = last_insert_id(nextId + 1) where code =#{code};
        <selectKey resultType="long" keyProperty="nextId" keyColumn="nextId" order="AFTER">
            SELECT LAST_INSERT_ID()
        </selectKey>
    </update>

</mapper>