<?xml version="1.0" encoding="UTF-8"?>
<!DOCTYPE mapper PUBLIC "-//mybatis.org//DTD Mapper 3.0//EN" "http://mybatis.org/dtd/mybatis-3-mapper.dtd">
<mapper namespace="com.itcast.bulls.stock.dao.office.TradestockquotesummaryMapper">
  <resultMap id="BaseResultMap" type="com.itcast.bulls.stock.entity.office.Tradestockquotesummary">
    <!--
      WARNING - @mbg.generated
      This element is automatically generated by MyBatis Generator, do not modify.
      This element was generated on Fri May 08 15:22:22 CST 2020.
    -->
    <id column="id" jdbcType="INTEGER" property="id" />
    <result column="stockid" jdbcType="BIGINT" property="stockid" />
    <result column="stockcode" jdbcType="VARCHAR" property="stockcode" />
    <result column="stockname" jdbcType="VARCHAR" property="stockname" />
    <result column="openprice" jdbcType="BIGINT" property="openprice" />
    <result column="closeprice" jdbcType="BIGINT" property="closeprice" />
    <result column="openpricetime" jdbcType="BIGINT" property="openpricetime" />
    <result column="closepricetime" jdbcType="BIGINT" property="closepricetime" />
  </resultMap>
  <sql id="Base_Column_List">
    <!--
      WARNING - @mbg.generated
      This element is automatically generated by MyBatis Generator, do not modify.
      This element was generated on Fri May 08 15:22:22 CST 2020.
    -->
    id, stockid, stockcode, stockname, openprice, closeprice, openpricetime, closepricetime
  </sql>
  <select id="selectByPrimaryKey" parameterType="java.lang.Integer" resultMap="BaseResultMap">
    <!--
      WARNING - @mbg.generated
      This element is automatically generated by MyBatis Generator, do not modify.
      This element was generated on Fri May 08 15:22:22 CST 2020.
    -->
    select 
    <include refid="Base_Column_List" />
    from office.t_trade_stock_quote_summary
    where id = #{id,jdbcType=INTEGER}
  </select>
  <delete id="deleteByPrimaryKey" parameterType="java.lang.Integer">
    <!--
      WARNING - @mbg.generated
      This element is automatically generated by MyBatis Generator, do not modify.
      This element was generated on Fri May 08 15:22:22 CST 2020.
    -->
    delete from office.t_trade_stock_quote_summary
    where id = #{id,jdbcType=INTEGER}
  </delete>
  <insert id="insert" parameterType="com.itcast.bulls.stock.entity.office.Tradestockquotesummary">
    <!--
      WARNING - @mbg.generated
      This element is automatically generated by MyBatis Generator, do not modify.
      This element was generated on Fri May 08 15:22:22 CST 2020.
    -->
    <selectKey keyProperty="id" order="AFTER" resultType="java.lang.Integer">
      SELECT LAST_INSERT_ID()
    </selectKey>
    insert into office.t_trade_stock_quote_summary (stockid, stockcode, stockname, 
      openprice, closeprice, openpricetime, 
      closepricetime)
    values (#{stockid,jdbcType=BIGINT}, #{stockcode,jdbcType=VARCHAR}, #{stockname,jdbcType=VARCHAR}, 
      #{openprice,jdbcType=BIGINT}, #{closeprice,jdbcType=BIGINT}, #{openpricetime,jdbcType=BIGINT}, 
      #{closepricetime,jdbcType=BIGINT})
  </insert>
  <insert id="insertSelective" parameterType="com.itcast.bulls.stock.entity.office.Tradestockquotesummary">
    <!--
      WARNING - @mbg.generated
      This element is automatically generated by MyBatis Generator, do not modify.
      This element was generated on Fri May 08 15:22:22 CST 2020.
    -->
    <selectKey keyProperty="id" order="AFTER" resultType="java.lang.Integer">
      SELECT LAST_INSERT_ID()
    </selectKey>
    insert into office.t_trade_stock_quote_summary
    <trim prefix="(" suffix=")" suffixOverrides=",">
      <if test="stockid != null">
        stockid,
      </if>
      <if test="stockcode != null">
        stockcode,
      </if>
      <if test="stockname != null">
        stockname,
      </if>
      <if test="openprice != null">
        openprice,
      </if>
      <if test="closeprice != null">
        closeprice,
      </if>
      <if test="openpricetime != null">
        openpricetime,
      </if>
      <if test="closepricetime != null">
        closepricetime,
      </if>
    </trim>
    <trim prefix="values (" suffix=")" suffixOverrides=",">
      <if test="stockid != null">
        #{stockid,jdbcType=BIGINT},
      </if>
      <if test="stockcode != null">
        #{stockcode,jdbcType=VARCHAR},
      </if>
      <if test="stockname != null">
        #{stockname,jdbcType=VARCHAR},
      </if>
      <if test="openprice != null">
        #{openprice,jdbcType=BIGINT},
      </if>
      <if test="closeprice != null">
        #{closeprice,jdbcType=BIGINT},
      </if>
      <if test="openpricetime != null">
        #{openpricetime,jdbcType=BIGINT},
      </if>
      <if test="closepricetime != null">
        #{closepricetime,jdbcType=BIGINT},
      </if>
    </trim>
  </insert>
  <update id="updateByPrimaryKeySelective" parameterType="com.itcast.bulls.stock.entity.office.Tradestockquotesummary">
    <!--
      WARNING - @mbg.generated
      This element is automatically generated by MyBatis Generator, do not modify.
      This element was generated on Fri May 08 15:22:22 CST 2020.
    -->
    update office.t_trade_stock_quote_summary
    <set>
      <if test="stockid != null">
        stockid = #{stockid,jdbcType=BIGINT},
      </if>
      <if test="stockcode != null">
        stockcode = #{stockcode,jdbcType=VARCHAR},
      </if>
      <if test="stockname != null">
        stockname = #{stockname,jdbcType=VARCHAR},
      </if>
      <if test="openprice != null">
        openprice = #{openprice,jdbcType=BIGINT},
      </if>
      <if test="closeprice != null">
        closeprice = #{closeprice,jdbcType=BIGINT},
      </if>
      <if test="openpricetime != null">
        openpricetime = #{openpricetime,jdbcType=BIGINT},
      </if>
      <if test="closepricetime != null">
        closepricetime = #{closepricetime,jdbcType=BIGINT},
      </if>
    </set>
    where id = #{id,jdbcType=INTEGER}
  </update>
  <update id="updateByPrimaryKey" parameterType="com.itcast.bulls.stock.entity.office.Tradestockquotesummary">
    <!--
      WARNING - @mbg.generated
      This element is automatically generated by MyBatis Generator, do not modify.
      This element was generated on Fri May 08 15:22:22 CST 2020.
    -->
    update office.t_trade_stock_quote_summary
    set stockid = #{stockid,jdbcType=BIGINT},
      stockcode = #{stockcode,jdbcType=VARCHAR},
      stockname = #{stockname,jdbcType=VARCHAR},
      openprice = #{openprice,jdbcType=BIGINT},
      closeprice = #{closeprice,jdbcType=BIGINT},
      openpricetime = #{openpricetime,jdbcType=BIGINT},
      closepricetime = #{closepricetime,jdbcType=BIGINT}
    where id = #{id,jdbcType=INTEGER}
  </update>
</mapper>