<?xml version="1.0" encoding="UTF-8"?>
<!DOCTYPE mapper PUBLIC "-//mybatis.org//DTD Mapper 3.0//EN" "http://mybatis.org/dtd/mybatis-3-mapper.dtd">
<mapper namespace="com.itcast.bulls.stock.dao.office.TradestockquotelastMapper">
  <resultMap id="BaseResultMap" type="com.itcast.bulls.stock.entity.office.Tradestockquotelast">
    <!--
      WARNING - @mbg.generated
      This element is automatically generated by MyBatis Generator, do not modify.
      This element was generated on Fri May 08 15:22:22 CST 2020.
    -->
    <id column="id" jdbcType="INTEGER" property="id" />
    <result column="stockid" jdbcType="BIGINT" property="stockid" />
    <result column="stockcode" jdbcType="VARCHAR" property="stockcode" />
    <result column="stockname" jdbcType="VARCHAR" property="stockname" />
    <result column="pricebid1" jdbcType="BIGINT" property="pricebid1" />
    <result column="pricebid2" jdbcType="BIGINT" property="pricebid2" />
    <result column="pricebid3" jdbcType="BIGINT" property="pricebid3" />
    <result column="pricebid4" jdbcType="BIGINT" property="pricebid4" />
    <result column="pricebid5" jdbcType="BIGINT" property="pricebid5" />
    <result column="volumebid1" jdbcType="BIGINT" property="volumebid1" />
    <result column="volumebid2" jdbcType="BIGINT" property="volumebid2" />
    <result column="volumebid3" jdbcType="BIGINT" property="volumebid3" />
    <result column="volumebid4" jdbcType="BIGINT" property="volumebid4" />
    <result column="volumebid5" jdbcType="BIGINT" property="volumebid5" />
    <result column="priceask1" jdbcType="BIGINT" property="priceask1" />
    <result column="priceask2" jdbcType="BIGINT" property="priceask2" />
    <result column="priceask3" jdbcType="BIGINT" property="priceask3" />
    <result column="priceask4" jdbcType="BIGINT" property="priceask4" />
    <result column="priceask5" jdbcType="BIGINT" property="priceask5" />
    <result column="volumeask1" jdbcType="BIGINT" property="volumeask1" />
    <result column="volumeask2" jdbcType="BIGINT" property="volumeask2" />
    <result column="volumeask3" jdbcType="BIGINT" property="volumeask3" />
    <result column="volumeask4" jdbcType="BIGINT" property="volumeask4" />
    <result column="volumeask5" jdbcType="BIGINT" property="volumeask5" />
    <result column="lastprice" jdbcType="BIGINT" property="lastprice" />
    <result column="volume" jdbcType="BIGINT" property="volume" />
    <result column="amount" jdbcType="BIGINT" property="amount" />
    <result column="time" jdbcType="BIGINT" property="time" />
    <result column="openprice" jdbcType="BIGINT" property="openprice" />
    <result column="lastcloseprice" jdbcType="BIGINT" property="lastcloseprice" />
  </resultMap>
  <sql id="Base_Column_List">
    <!--
      WARNING - @mbg.generated
      This element is automatically generated by MyBatis Generator, do not modify.
      This element was generated on Fri May 08 15:22:22 CST 2020.
    -->
    id, stockid, stockcode, stockname, pricebid1, pricebid2, pricebid3, pricebid4, pricebid5, 
    volumebid1, volumebid2, volumebid3, volumebid4, volumebid5, priceask1, priceask2, 
    priceask3, priceask4, priceask5, volumeask1, volumeask2, volumeask3, volumeask4, 
    volumeask5, lastprice, volume, amount, time, openprice, lastcloseprice
  </sql>
  <select id="selectByPrimaryKey" parameterType="java.lang.Integer" resultMap="BaseResultMap">
    <!--
      WARNING - @mbg.generated
      This element is automatically generated by MyBatis Generator, do not modify.
      This element was generated on Fri May 08 15:22:22 CST 2020.
    -->
    select 
    <include refid="Base_Column_List" />
    from office.t_trade_stock_quote_last
    where id = #{id,jdbcType=INTEGER}
  </select>
  <delete id="deleteByPrimaryKey" parameterType="java.lang.Integer">
    <!--
      WARNING - @mbg.generated
      This element is automatically generated by MyBatis Generator, do not modify.
      This element was generated on Fri May 08 15:22:22 CST 2020.
    -->
    delete from office.t_trade_stock_quote_last
    where id = #{id,jdbcType=INTEGER}
  </delete>
  <insert id="insert" parameterType="com.itcast.bulls.stock.entity.office.Tradestockquotelast">
    <!--
      WARNING - @mbg.generated
      This element is automatically generated by MyBatis Generator, do not modify.
      This element was generated on Fri May 08 15:22:22 CST 2020.
    -->
    <selectKey keyProperty="id" order="AFTER" resultType="java.lang.Integer">
      SELECT LAST_INSERT_ID()
    </selectKey>
    insert into office.t_trade_stock_quote_last (stockid, stockcode, stockname, 
      pricebid1, pricebid2, pricebid3, 
      pricebid4, pricebid5, volumebid1, 
      volumebid2, volumebid3, volumebid4, 
      volumebid5, priceask1, priceask2, 
      priceask3, priceask4, priceask5, 
      volumeask1, volumeask2, volumeask3, 
      volumeask4, volumeask5, lastprice, 
      volume, amount, time, 
      openprice, lastcloseprice)
    values (#{stockid,jdbcType=BIGINT}, #{stockcode,jdbcType=VARCHAR}, #{stockname,jdbcType=VARCHAR}, 
      #{pricebid1,jdbcType=BIGINT}, #{pricebid2,jdbcType=BIGINT}, #{pricebid3,jdbcType=BIGINT}, 
      #{pricebid4,jdbcType=BIGINT}, #{pricebid5,jdbcType=BIGINT}, #{volumebid1,jdbcType=BIGINT}, 
      #{volumebid2,jdbcType=BIGINT}, #{volumebid3,jdbcType=BIGINT}, #{volumebid4,jdbcType=BIGINT}, 
      #{volumebid5,jdbcType=BIGINT}, #{priceask1,jdbcType=BIGINT}, #{priceask2,jdbcType=BIGINT}, 
      #{priceask3,jdbcType=BIGINT}, #{priceask4,jdbcType=BIGINT}, #{priceask5,jdbcType=BIGINT}, 
      #{volumeask1,jdbcType=BIGINT}, #{volumeask2,jdbcType=BIGINT}, #{volumeask3,jdbcType=BIGINT}, 
      #{volumeask4,jdbcType=BIGINT}, #{volumeask5,jdbcType=BIGINT}, #{lastprice,jdbcType=BIGINT}, 
      #{volume,jdbcType=BIGINT}, #{amount,jdbcType=BIGINT}, #{time,jdbcType=BIGINT}, 
      #{openprice,jdbcType=BIGINT}, #{lastcloseprice,jdbcType=BIGINT})
  </insert>
  <insert id="insertSelective" parameterType="com.itcast.bulls.stock.entity.office.Tradestockquotelast">
    <!--
      WARNING - @mbg.generated
      This element is automatically generated by MyBatis Generator, do not modify.
      This element was generated on Fri May 08 15:22:22 CST 2020.
    -->
    <selectKey keyProperty="id" order="AFTER" resultType="java.lang.Integer">
      SELECT LAST_INSERT_ID()
    </selectKey>
    insert into office.t_trade_stock_quote_last
    <trim prefix="(" suffix=")" suffixOverrides=",">
      <if test="stockid != null">
        stockid,
      </if>
      <if test="stockcode != null">
        stockcode,
      </if>
      <if test="stockname != null">
        stockname,
      </if>
      <if test="pricebid1 != null">
        pricebid1,
      </if>
      <if test="pricebid2 != null">
        pricebid2,
      </if>
      <if test="pricebid3 != null">
        pricebid3,
      </if>
      <if test="pricebid4 != null">
        pricebid4,
      </if>
      <if test="pricebid5 != null">
        pricebid5,
      </if>
      <if test="volumebid1 != null">
        volumebid1,
      </if>
      <if test="volumebid2 != null">
        volumebid2,
      </if>
      <if test="volumebid3 != null">
        volumebid3,
      </if>
      <if test="volumebid4 != null">
        volumebid4,
      </if>
      <if test="volumebid5 != null">
        volumebid5,
      </if>
      <if test="priceask1 != null">
        priceask1,
      </if>
      <if test="priceask2 != null">
        priceask2,
      </if>
      <if test="priceask3 != null">
        priceask3,
      </if>
      <if test="priceask4 != null">
        priceask4,
      </if>
      <if test="priceask5 != null">
        priceask5,
      </if>
      <if test="volumeask1 != null">
        volumeask1,
      </if>
      <if test="volumeask2 != null">
        volumeask2,
      </if>
      <if test="volumeask3 != null">
        volumeask3,
      </if>
      <if test="volumeask4 != null">
        volumeask4,
      </if>
      <if test="volumeask5 != null">
        volumeask5,
      </if>
      <if test="lastprice != null">
        lastprice,
      </if>
      <if test="volume != null">
        volume,
      </if>
      <if test="amount != null">
        amount,
      </if>
      <if test="time != null">
        time,
      </if>
      <if test="openprice != null">
        openprice,
      </if>
      <if test="lastcloseprice != null">
        lastcloseprice,
      </if>
    </trim>
    <trim prefix="values (" suffix=")" suffixOverrides=",">
      <if test="stockid != null">
        #{stockid,jdbcType=BIGINT},
      </if>
      <if test="stockcode != null">
        #{stockcode,jdbcType=VARCHAR},
      </if>
      <if test="stockname != null">
        #{stockname,jdbcType=VARCHAR},
      </if>
      <if test="pricebid1 != null">
        #{pricebid1,jdbcType=BIGINT},
      </if>
      <if test="pricebid2 != null">
        #{pricebid2,jdbcType=BIGINT},
      </if>
      <if test="pricebid3 != null">
        #{pricebid3,jdbcType=BIGINT},
      </if>
      <if test="pricebid4 != null">
        #{pricebid4,jdbcType=BIGINT},
      </if>
      <if test="pricebid5 != null">
        #{pricebid5,jdbcType=BIGINT},
      </if>
      <if test="volumebid1 != null">
        #{volumebid1,jdbcType=BIGINT},
      </if>
      <if test="volumebid2 != null">
        #{volumebid2,jdbcType=BIGINT},
      </if>
      <if test="volumebid3 != null">
        #{volumebid3,jdbcType=BIGINT},
      </if>
      <if test="volumebid4 != null">
        #{volumebid4,jdbcType=BIGINT},
      </if>
      <if test="volumebid5 != null">
        #{volumebid5,jdbcType=BIGINT},
      </if>
      <if test="priceask1 != null">
        #{priceask1,jdbcType=BIGINT},
      </if>
      <if test="priceask2 != null">
        #{priceask2,jdbcType=BIGINT},
      </if>
      <if test="priceask3 != null">
        #{priceask3,jdbcType=BIGINT},
      </if>
      <if test="priceask4 != null">
        #{priceask4,jdbcType=BIGINT},
      </if>
      <if test="priceask5 != null">
        #{priceask5,jdbcType=BIGINT},
      </if>
      <if test="volumeask1 != null">
        #{volumeask1,jdbcType=BIGINT},
      </if>
      <if test="volumeask2 != null">
        #{volumeask2,jdbcType=BIGINT},
      </if>
      <if test="volumeask3 != null">
        #{volumeask3,jdbcType=BIGINT},
      </if>
      <if test="volumeask4 != null">
        #{volumeask4,jdbcType=BIGINT},
      </if>
      <if test="volumeask5 != null">
        #{volumeask5,jdbcType=BIGINT},
      </if>
      <if test="lastprice != null">
        #{lastprice,jdbcType=BIGINT},
      </if>
      <if test="volume != null">
        #{volume,jdbcType=BIGINT},
      </if>
      <if test="amount != null">
        #{amount,jdbcType=BIGINT},
      </if>
      <if test="time != null">
        #{time,jdbcType=BIGINT},
      </if>
      <if test="openprice != null">
        #{openprice,jdbcType=BIGINT},
      </if>
      <if test="lastcloseprice != null">
        #{lastcloseprice,jdbcType=BIGINT},
      </if>
    </trim>
  </insert>
  <update id="updateByPrimaryKeySelective" parameterType="com.itcast.bulls.stock.entity.office.Tradestockquotelast">
    <!--
      WARNING - @mbg.generated
      This element is automatically generated by MyBatis Generator, do not modify.
      This element was generated on Fri May 08 15:22:22 CST 2020.
    -->
    update office.t_trade_stock_quote_last
    <set>
      <if test="stockid != null">
        stockid = #{stockid,jdbcType=BIGINT},
      </if>
      <if test="stockcode != null">
        stockcode = #{stockcode,jdbcType=VARCHAR},
      </if>
      <if test="stockname != null">
        stockname = #{stockname,jdbcType=VARCHAR},
      </if>
      <if test="pricebid1 != null">
        pricebid1 = #{pricebid1,jdbcType=BIGINT},
      </if>
      <if test="pricebid2 != null">
        pricebid2 = #{pricebid2,jdbcType=BIGINT},
      </if>
      <if test="pricebid3 != null">
        pricebid3 = #{pricebid3,jdbcType=BIGINT},
      </if>
      <if test="pricebid4 != null">
        pricebid4 = #{pricebid4,jdbcType=BIGINT},
      </if>
      <if test="pricebid5 != null">
        pricebid5 = #{pricebid5,jdbcType=BIGINT},
      </if>
      <if test="volumebid1 != null">
        volumebid1 = #{volumebid1,jdbcType=BIGINT},
      </if>
      <if test="volumebid2 != null">
        volumebid2 = #{volumebid2,jdbcType=BIGINT},
      </if>
      <if test="volumebid3 != null">
        volumebid3 = #{volumebid3,jdbcType=BIGINT},
      </if>
      <if test="volumebid4 != null">
        volumebid4 = #{volumebid4,jdbcType=BIGINT},
      </if>
      <if test="volumebid5 != null">
        volumebid5 = #{volumebid5,jdbcType=BIGINT},
      </if>
      <if test="priceask1 != null">
        priceask1 = #{priceask1,jdbcType=BIGINT},
      </if>
      <if test="priceask2 != null">
        priceask2 = #{priceask2,jdbcType=BIGINT},
      </if>
      <if test="priceask3 != null">
        priceask3 = #{priceask3,jdbcType=BIGINT},
      </if>
      <if test="priceask4 != null">
        priceask4 = #{priceask4,jdbcType=BIGINT},
      </if>
      <if test="priceask5 != null">
        priceask5 = #{priceask5,jdbcType=BIGINT},
      </if>
      <if test="volumeask1 != null">
        volumeask1 = #{volumeask1,jdbcType=BIGINT},
      </if>
      <if test="volumeask2 != null">
        volumeask2 = #{volumeask2,jdbcType=BIGINT},
      </if>
      <if test="volumeask3 != null">
        volumeask3 = #{volumeask3,jdbcType=BIGINT},
      </if>
      <if test="volumeask4 != null">
        volumeask4 = #{volumeask4,jdbcType=BIGINT},
      </if>
      <if test="volumeask5 != null">
        volumeask5 = #{volumeask5,jdbcType=BIGINT},
      </if>
      <if test="lastprice != null">
        lastprice = #{lastprice,jdbcType=BIGINT},
      </if>
      <if test="volume != null">
        volume = #{volume,jdbcType=BIGINT},
      </if>
      <if test="amount != null">
        amount = #{amount,jdbcType=BIGINT},
      </if>
      <if test="time != null">
        time = #{time,jdbcType=BIGINT},
      </if>
      <if test="openprice != null">
        openprice = #{openprice,jdbcType=BIGINT},
      </if>
      <if test="lastcloseprice != null">
        lastcloseprice = #{lastcloseprice,jdbcType=BIGINT},
      </if>
    </set>
    where id = #{id,jdbcType=INTEGER}
  </update>
  <update id="updateByPrimaryKey" parameterType="com.itcast.bulls.stock.entity.office.Tradestockquotelast">
    <!--
      WARNING - @mbg.generated
      This element is automatically generated by MyBatis Generator, do not modify.
      This element was generated on Fri May 08 15:22:22 CST 2020.
    -->
    update office.t_trade_stock_quote_last
    set stockid = #{stockid,jdbcType=BIGINT},
      stockcode = #{stockcode,jdbcType=VARCHAR},
      stockname = #{stockname,jdbcType=VARCHAR},
      pricebid1 = #{pricebid1,jdbcType=BIGINT},
      pricebid2 = #{pricebid2,jdbcType=BIGINT},
      pricebid3 = #{pricebid3,jdbcType=BIGINT},
      pricebid4 = #{pricebid4,jdbcType=BIGINT},
      pricebid5 = #{pricebid5,jdbcType=BIGINT},
      volumebid1 = #{volumebid1,jdbcType=BIGINT},
      volumebid2 = #{volumebid2,jdbcType=BIGINT},
      volumebid3 = #{volumebid3,jdbcType=BIGINT},
      volumebid4 = #{volumebid4,jdbcType=BIGINT},
      volumebid5 = #{volumebid5,jdbcType=BIGINT},
      priceask1 = #{priceask1,jdbcType=BIGINT},
      priceask2 = #{priceask2,jdbcType=BIGINT},
      priceask3 = #{priceask3,jdbcType=BIGINT},
      priceask4 = #{priceask4,jdbcType=BIGINT},
      priceask5 = #{priceask5,jdbcType=BIGINT},
      volumeask1 = #{volumeask1,jdbcType=BIGINT},
      volumeask2 = #{volumeask2,jdbcType=BIGINT},
      volumeask3 = #{volumeask3,jdbcType=BIGINT},
      volumeask4 = #{volumeask4,jdbcType=BIGINT},
      volumeask5 = #{volumeask5,jdbcType=BIGINT},
      lastprice = #{lastprice,jdbcType=BIGINT},
      volume = #{volume,jdbcType=BIGINT},
      amount = #{amount,jdbcType=BIGINT},
      time = #{time,jdbcType=BIGINT},
      openprice = #{openprice,jdbcType=BIGINT},
      lastcloseprice = #{lastcloseprice,jdbcType=BIGINT}
    where id = #{id,jdbcType=INTEGER}
  </update>
</mapper>