<?xml version="1.0" encoding="UTF-8"?>
<!DOCTYPE mapper PUBLIC "-//mybatis.org//DTD Mapper 3.0//EN" "http://mybatis.org/dtd/mybatis-3-mapper.dtd">
<mapper namespace="com.itcast.bulls.stock.dao.office.TradestockklineMapper">
  <resultMap id="BaseResultMap" type="com.itcast.bulls.stock.entity.office.Tradestockkline">
    <!--
      WARNING - @mbg.generated
      This element is automatically generated by MyBatis Generator, do not modify.
      This element was generated on Fri May 08 15:22:22 CST 2020.
    -->
    <id column="id" jdbcType="INTEGER" property="id" />
    <result column="stockid" jdbcType="BIGINT" property="stockid" />
    <result column="stockcode" jdbcType="VARCHAR" property="stockcode" />
    <result column="stockname" jdbcType="VARCHAR" property="stockname" />
    <result column="priceopen" jdbcType="BIGINT" property="priceopen" />
    <result column="pricehigh" jdbcType="BIGINT" property="pricehigh" />
    <result column="pricelow" jdbcType="BIGINT" property="pricelow" />
    <result column="priceclose" jdbcType="BIGINT" property="priceclose" />
    <result column="volume" jdbcType="BIGINT" property="volume" />
    <result column="amount" jdbcType="BIGINT" property="amount" />
    <result column="time" jdbcType="BIGINT" property="time" />
    <result column="lastcloseprice" jdbcType="BIGINT" property="lastcloseprice" />
    <result column="datatype" jdbcType="BIGINT" property="datatype" />
  </resultMap>
  <sql id="Base_Column_List">
    <!--
      WARNING - @mbg.generated
      This element is automatically generated by MyBatis Generator, do not modify.
      This element was generated on Fri May 08 15:22:22 CST 2020.
    -->
    id, stockid, stockcode, stockname, priceopen, pricehigh, pricelow, priceclose, volume, 
    amount, time, lastcloseprice, datatype
  </sql>
  <select id="selectByPrimaryKey" parameterType="java.lang.Integer" resultMap="BaseResultMap">
    <!--
      WARNING - @mbg.generated
      This element is automatically generated by MyBatis Generator, do not modify.
      This element was generated on Fri May 08 15:22:22 CST 2020.
    -->
    select 
    <include refid="Base_Column_List" />
    from office.t_trade_stock_kline
    where id = #{id,jdbcType=INTEGER}
  </select>
  <delete id="deleteByPrimaryKey" parameterType="java.lang.Integer">
    <!--
      WARNING - @mbg.generated
      This element is automatically generated by MyBatis Generator, do not modify.
      This element was generated on Fri May 08 15:22:22 CST 2020.
    -->
    delete from office.t_trade_stock_kline
    where id = #{id,jdbcType=INTEGER}
  </delete>
  <insert id="insert" parameterType="com.itcast.bulls.stock.entity.office.Tradestockkline">
    <!--
      WARNING - @mbg.generated
      This element is automatically generated by MyBatis Generator, do not modify.
      This element was generated on Fri May 08 15:22:22 CST 2020.
    -->
    <selectKey keyProperty="id" order="AFTER" resultType="java.lang.Integer">
      SELECT LAST_INSERT_ID()
    </selectKey>
    insert into office.t_trade_stock_kline (stockid, stockcode, stockname, 
      priceopen, pricehigh, pricelow, 
      priceclose, volume, amount, 
      time, lastcloseprice, datatype
      )
    values (#{stockid,jdbcType=BIGINT}, #{stockcode,jdbcType=VARCHAR}, #{stockname,jdbcType=VARCHAR}, 
      #{priceopen,jdbcType=BIGINT}, #{pricehigh,jdbcType=BIGINT}, #{pricelow,jdbcType=BIGINT}, 
      #{priceclose,jdbcType=BIGINT}, #{volume,jdbcType=BIGINT}, #{amount,jdbcType=BIGINT}, 
      #{time,jdbcType=BIGINT}, #{lastcloseprice,jdbcType=BIGINT}, #{datatype,jdbcType=BIGINT}
      )
  </insert>
  <insert id="insertSelective" parameterType="com.itcast.bulls.stock.entity.office.Tradestockkline">
    <!--
      WARNING - @mbg.generated
      This element is automatically generated by MyBatis Generator, do not modify.
      This element was generated on Fri May 08 15:22:22 CST 2020.
    -->
    <selectKey keyProperty="id" order="AFTER" resultType="java.lang.Integer">
      SELECT LAST_INSERT_ID()
    </selectKey>
    insert into office.t_trade_stock_kline
    <trim prefix="(" suffix=")" suffixOverrides=",">
      <if test="stockid != null">
        stockid,
      </if>
      <if test="stockcode != null">
        stockcode,
      </if>
      <if test="stockname != null">
        stockname,
      </if>
      <if test="priceopen != null">
        priceopen,
      </if>
      <if test="pricehigh != null">
        pricehigh,
      </if>
      <if test="pricelow != null">
        pricelow,
      </if>
      <if test="priceclose != null">
        priceclose,
      </if>
      <if test="volume != null">
        volume,
      </if>
      <if test="amount != null">
        amount,
      </if>
      <if test="time != null">
        time,
      </if>
      <if test="lastcloseprice != null">
        lastcloseprice,
      </if>
      <if test="datatype != null">
        datatype,
      </if>
    </trim>
    <trim prefix="values (" suffix=")" suffixOverrides=",">
      <if test="stockid != null">
        #{stockid,jdbcType=BIGINT},
      </if>
      <if test="stockcode != null">
        #{stockcode,jdbcType=VARCHAR},
      </if>
      <if test="stockname != null">
        #{stockname,jdbcType=VARCHAR},
      </if>
      <if test="priceopen != null">
        #{priceopen,jdbcType=BIGINT},
      </if>
      <if test="pricehigh != null">
        #{pricehigh,jdbcType=BIGINT},
      </if>
      <if test="pricelow != null">
        #{pricelow,jdbcType=BIGINT},
      </if>
      <if test="priceclose != null">
        #{priceclose,jdbcType=BIGINT},
      </if>
      <if test="volume != null">
        #{volume,jdbcType=BIGINT},
      </if>
      <if test="amount != null">
        #{amount,jdbcType=BIGINT},
      </if>
      <if test="time != null">
        #{time,jdbcType=BIGINT},
      </if>
      <if test="lastcloseprice != null">
        #{lastcloseprice,jdbcType=BIGINT},
      </if>
      <if test="datatype != null">
        #{datatype,jdbcType=BIGINT},
      </if>
    </trim>
  </insert>
  <update id="updateByPrimaryKeySelective" parameterType="com.itcast.bulls.stock.entity.office.Tradestockkline">
    <!--
      WARNING - @mbg.generated
      This element is automatically generated by MyBatis Generator, do not modify.
      This element was generated on Fri May 08 15:22:22 CST 2020.
    -->
    update office.t_trade_stock_kline
    <set>
      <if test="stockid != null">
        stockid = #{stockid,jdbcType=BIGINT},
      </if>
      <if test="stockcode != null">
        stockcode = #{stockcode,jdbcType=VARCHAR},
      </if>
      <if test="stockname != null">
        stockname = #{stockname,jdbcType=VARCHAR},
      </if>
      <if test="priceopen != null">
        priceopen = #{priceopen,jdbcType=BIGINT},
      </if>
      <if test="pricehigh != null">
        pricehigh = #{pricehigh,jdbcType=BIGINT},
      </if>
      <if test="pricelow != null">
        pricelow = #{pricelow,jdbcType=BIGINT},
      </if>
      <if test="priceclose != null">
        priceclose = #{priceclose,jdbcType=BIGINT},
      </if>
      <if test="volume != null">
        volume = #{volume,jdbcType=BIGINT},
      </if>
      <if test="amount != null">
        amount = #{amount,jdbcType=BIGINT},
      </if>
      <if test="time != null">
        time = #{time,jdbcType=BIGINT},
      </if>
      <if test="lastcloseprice != null">
        lastcloseprice = #{lastcloseprice,jdbcType=BIGINT},
      </if>
      <if test="datatype != null">
        datatype = #{datatype,jdbcType=BIGINT},
      </if>
    </set>
    where id = #{id,jdbcType=INTEGER}
  </update>
  <update id="updateByPrimaryKey" parameterType="com.itcast.bulls.stock.entity.office.Tradestockkline">
    <!--
      WARNING - @mbg.generated
      This element is automatically generated by MyBatis Generator, do not modify.
      This element was generated on Fri May 08 15:22:22 CST 2020.
    -->
    update office.t_trade_stock_kline
    set stockid = #{stockid,jdbcType=BIGINT},
      stockcode = #{stockcode,jdbcType=VARCHAR},
      stockname = #{stockname,jdbcType=VARCHAR},
      priceopen = #{priceopen,jdbcType=BIGINT},
      pricehigh = #{pricehigh,jdbcType=BIGINT},
      pricelow = #{pricelow,jdbcType=BIGINT},
      priceclose = #{priceclose,jdbcType=BIGINT},
      volume = #{volume,jdbcType=BIGINT},
      amount = #{amount,jdbcType=BIGINT},
      time = #{time,jdbcType=BIGINT},
      lastcloseprice = #{lastcloseprice,jdbcType=BIGINT},
      datatype = #{datatype,jdbcType=BIGINT}
    where id = #{id,jdbcType=INTEGER}
  </update>
</mapper>